,,,,,,,,,,,,,
255,255,233,255,217,148,255,255,192,90,0,14,107,132
255,255,255,255,209,154,255,255,155,93,0,11,112,135
255,255,255,255,219,163,255,255,181,118,0,16,114,140
255,255,255,255,254,171,255,255,181,127,1,18,112,143
255,255,255,255,253,181,255,255,177,108,0,23,113,146
255,255,255,255,254,192,255,255,194,94,0,29,100,150
255,255,255,255,254,210,255,255,194,98,0,46,42,154
255,255,255,255,255,223,255,255,186,106,3,63,33,157
255,252,255,255,254,228,255,255,175,106,0,70,35,157
255,237,255,255,254,192,255,255,145,105,0,79,34,134
255,215,255,255,254,160,255,255,161,108,0,82,34,119
255,211,255,255,254,164,255,255,157,106,0,90,34,114
255,236,255,255,254,164,255,255,155,105,1,89,33,115
255,229,255,255,252,201,255,255,145,107,2,90,33,143
255,224,255,255,250,246,255,255,133,109,0,84,33,163
255,219,255,255,248,243,255,255,145,108,0,82,33,179
255,215,255,255,246,229,255,255,152,106,0,78,32,196
255,214,255,255,195,193,255,255,109,103,0,65,32,200
255,216,255,255,187,198,255,255,91,107,0,61,26,196
255,223,255,255,193,218,255,255,134,112,0,52,96,196
254,220,255,255,239,220,255,255,130,112,2,45,147,190
253,218,255,255,143,203,255,255,126,106,1,42,123,186
255,221,255,255,0,134,255,255,117,106,0,41,90,189
255,221,255,255,8,148,255,255,111,108,1,32,60,182
255,197,255,255,11,128,255,255,113,108,0,31,49,181
255,207,255,255,6,97,255,255,106,107,0,33,48,191
255,255,255,255,4,74,255,255,102,107,0,34,55,191
255,255,233,255,4,53,255,255,97,107,1,27,40,189
255,255,255,255,246,150,255,255,193,87,0,50,103,136
255,255,255,255,255,158,255,255,168,96,0,52,114,139
255,255,255,255,255,166,255,255,183,125,0,63,115,142
255,255,255,255,253,173,255,255,189,141,1,68,115,146
255,255,255,255,254,184,255,255,179,119,0,74,112,149
255,217,255,255,254,199,255,255,198,97,0,79,56,151
255,124,255,249,254,203,255,255,198,100,2,65,34,155
255,84,255,246,254,220,255,255,189,108,2,57,36,157
255,53,255,246,254,233,255,254,179,111,0,85,35,161
255,29,255,223,254,217,255,255,144,109,0,94,35,164
255,8,255,222,254,128,255,255,163,106,0,101,35,146
255,49,255,236,253,77,255,255,151,107,0,114,35,122
255,201,255,223,253,128,255,255,138,106,0,108,34,114
255,198,255,213,250,153,255,255,145,108,0,107,33,108
255,196,255,213,247,182,255,255,140,106,0,110,32,129
255,194,255,213,246,124,255,255,148,108,0,102,32,156
255,190,255,215,246,99,255,255,157,107,0,95,33,171
255,186,255,215,245,50,255,255,125,105,0,91,28,189
219,181,255,212,235,54,255,255,105,107,0,83,74,190
161,181,255,225,233,81,255,255,138,109,0,76,130,182
185,192,255,234,244,182,255,255,133,107,0,74,80,185
180,193,255,243,70,169,255,255,127,103,0,70,69,177
191,202,255,235,0,134,255,255,119,105,1,62,58,171
255,204,255,228,6,162,255,255,108,107,0,53,43,184
255,172,255,254,7,129,255,255,114,108,0,46,34,184
255,85,255,255,5,102,255,255,98,106,1,39,47,179
255,248,255,255,3,76,255,255,97,106,0,39,47,184
255,255,255,255,3,53,255,255,92,108,0,32,39,182
255,255,255,255,200,149,255,255,205,99,0,95,119,140
255,255,255,255,196,156,255,255,206,107,0,93,108,142
255,255,255,255,220,165,255,255,181,109,0,94,114,146
255,255,255,239,255,173,255,255,187,105,0,92,117,149
255,255,255,224,253,183,255,255,183,99,0,67,77,152
255,160,255,215,253,165,255,255,200,96,0,49,35,155
255,30,255,221,254,178,255,252,201,101,0,62,36,157
255,3,255,238,254,224,255,238,192,103,0,99,37,159
255,3,255,206,254,238,255,237,183,106,0,109,35,161
255,2,255,110,253,252,255,242,151,115,0,103,35,165
255,2,255,101,253,212,255,251,169,113,0,116,36,169
255,100,255,213,253,214,255,255,159,107,0,116,35,160
255,210,255,201,250,174,255,255,141,106,0,107,33,127
255,209,255,192,246,162,255,255,158,108,0,116,33,112
255,212,255,178,245,169,255,255,150,107,0,121,32,106
255,210,255,180,245,99,255,255,152,106,0,116,32,114
255,206,255,179,245,45,255,253,158,106,2,112,31,145
244,201,255,181,245,52,255,239,144,106,4,108,50,164
202,196,255,179,246,51,255,239,139,105,13,98,130,181
114,189,255,188,250,41,255,234,138,107,7,88,89,184
130,198,255,190,220,120,255,234,134,106,5,73,72,177
185,198,255,178,22,140,255,237,129,105,0,69,75,182
82,211,255,186,2,139,255,237,121,107,0,69,43,165
226,213,255,188,5,107,255,227,113,108,0,68,43,154
255,200,255,241,5,71,255,240,114,108,0,57,44,153
255,59,255,255,6,79,255,255,100,109,0,44,41,139
255,211,255,255,4,54,255,255,97,108,0,39,47,117
255,255,255,255,3,42,255,255,92,109,0,35,45,115
255,255,255,255,213,149,255,255,206,122,0,111,122,143
255,255,255,255,206,155,255,255,209,135,0,108,115,146
255,255,255,246,236,162,255,255,188,114,0,102,110,149
255,255,255,213,253,172,255,255,193,92,0,81,97,152
255,255,255,197,253,184,255,255,176,91,0,46,40,155
255,253,255,178,253,153,255,251,203,92,3,56,37,157
255,201,255,151,254,149,255,232,203,96,5,106,37,159
255,99,255,129,253,171,255,219,194,103,0,106,37,161
255,22,255,85,254,154,255,206,185,95,0,84,36,163
255,57,255,56,254,199,255,225,152,98,0,113,35,164
255,158,255,41,253,214,255,234,173,108,0,120,36,167
255,212,255,170,251,212,255,253,160,109,0,113,34,170
255,200,255,218,248,167,255,255,145,105,0,122,33,169
255,203,255,190,245,166,255,255,160,106,4,135,33,140
255,208,255,176,245,164,255,255,154,105,17,130,33,110
255,209,255,169,244,128,255,250,155,107,5,124,33,105
254,206,255,175,244,58,255,232,158,108,82,122,31,105
230,201,255,181,244,51,255,217,123,107,160,113,108,133
224,197,255,175,244,44,255,221,115,107,174,101,117,163
140,189,255,183,254,69,255,221,130,108,104,104,95,172
113,197,255,191,169,136,255,221,120,107,15,103,85,154
190,196,255,100,7,90,255,220,132,106,1,74,61,101
72,180,255,71,7,79,255,215,121,106,0,69,50,66
166,108,255,85,7,71,255,220,112,105,0,60,52,62
255,168,255,92,6,51,255,217,116,107,3,56,65,57
255,64,255,175,5,80,255,254,97,107,0,51,61,54
255,188,255,255,5,47,255,255,88,105,0,49,45,56
255,255,255,255,3,38,255,255,89,106,0,43,52,56
255,255,255,255,181,148,255,255,208,124,0,121,122,146
255,255,255,255,176,152,255,255,211,139,0,117,120,149
255,255,255,244,233,161,255,255,182,119,0,106,111,152
255,255,255,205,254,156,255,255,187,98,0,69,66,155
255,255,255,163,255,175,255,255,180,91,0,49,34,157
255,255,255,76,251,167,255,234,205,90,2,90,37,159
255,255,255,57,253,160,255,215,205,102,5,136,36,161
255,246,255,58,255,128,255,192,197,117,0,64,37,162
255,164,255,56,251,146,255,190,188,110,0,101,37,164
255,165,255,58,239,134,255,202,156,90,0,124,36,165
255,240,255,40,252,180,255,219,176,95,5,118,34,167
255,218,255,88,254,187,255,239,166,107,36,120,33,169
255,202,255,226,238,187,255,255,155,109,65,145,33,172
255,196,255,216,242,194,255,255,163,108,81,154,33,174
255,200,255,205,246,200,255,255,157,106,105,146,33,154
255,204,255,195,245,193,255,241,159,108,135,134,30,113
246,204,255,198,244,127,255,219,162,107,204,122,61,103
224,201,255,199,244,51,255,236,125,107,150,114,134,101
229,198,255,196,247,120,255,236,124,107,52,114,100,99
157,189,255,206,232,170,255,226,137,106,63,107,119,76
106,198,255,216,59,148,255,226,121,104,110,83,78,55
194,191,255,160,11,78,255,225,134,108,143,84,60,50
84,140,255,53,10,69,255,221,125,113,157,79,69,53
119,36,255,59,6,82,255,223,115,114,126,70,63,55
255,146,255,53,3,60,255,212,117,113,102,54,65,60
255,81,255,60,3,75,255,246,101,111,42,47,57,62
255,179,255,216,4,38,255,255,92,107,13,43,45,64
255,255,255,255,5,37,255,255,91,107,0,39,63,66
255,255,255,255,214,147,255,255,209,102,0,114,124,151
255,255,255,255,200,142,255,255,211,112,0,117,122,153
255,255,255,234,204,141,255,255,184,102,0,124,110,156
255,255,255,175,255,77,255,255,189,100,0,84,93,158
255,255,255,83,205,98,255,249,184,97,0,55,40,159
255,255,255,52,141,156,255,230,208,89,1,119,37,161
255,255,255,62,120,163,255,206,208,117,0,132,36,162
255,255,255,56,113,127,255,190,200,150,0,58,37,163
255,255,255,55,129,111,255,191,191,142,0,126,36,165
255,172,255,53,81,99,255,194,159,102,0,128,35,166
255,209,255,43,81,94,255,218,180,90,56,120,34,166
255,227,255,44,155,84,255,229,174,100,179,125,34,167
255,208,255,191,167,132,255,252,166,109,203,147,34,169
255,196,255,227,184,139,255,255,167,108,180,166,33,170
255,196,255,215,216,75,255,255,160,106,107,154,33,172
254,200,255,213,233,143,255,249,162,105,118,128,29,165
232,203,255,218,241,234,255,216,165,109,172,116,107,117
225,201,255,221,244,110,255,212,136,108,39,116,129,70
232,196,255,228,251,183,255,237,138,105,106,85,99,57
160,184,255,225,114,210,255,231,142,107,189,67,85,59
100,195,255,216,7,170,255,224,126,110,169,62,65,59
196,191,255,209,11,112,255,225,137,116,199,62,88,56
93,169,255,81,9,115,255,224,126,111,148,63,80,55
89,40,255,47,8,117,255,219,114,109,197,65,73,57
254,129,255,43,5,102,255,217,118,113,124,56,71,59
255,91,255,42,3,96,255,244,101,112,29,59,70,64
255,170,255,138,4,38,255,255,93,111,0,56,90,65
255,255,255,255,4,39,255,255,95,108,0,54,102,63
255,255,255,255,196,140,251,255,210,103,0,105,128,157
255,255,255,255,193,74,240,255,213,100,0,125,117,158
255,255,255,208,206,104,242,255,182,102,0,140,116,159
255,255,255,117,187,103,243,255,194,109,0,91,120,160
255,255,255,58,83,79,243,243,186,105,0,55,74,162
255,255,255,60,73,149,247,232,210,94,1,129,35,164
255,255,255,66,65,168,249,211,211,107,0,111,37,165
255,255,255,59,66,155,249,174,203,140,0,67,37,165
255,254,255,54,79,87,249,97,193,145,1,146,36,166
255,198,255,50,28,96,250,186,156,113,83,124,35,166
255,219,255,50,50,93,250,212,183,96,190,119,34,168
255,229,255,39,55,109,250,234,178,100,165,128,34,167
255,210,255,136,92,115,251,245,175,108,111,148,33,168
255,197,255,228,121,94,251,255,162,108,159,162,34,169
255,194,255,222,126,70,249,255,161,105,172,137,33,167
242,194,255,221,144,77,251,255,167,107,185,118,36,172
224,188,255,131,179,238,252,250,166,109,186,118,141,105
227,188,255,92,198,217,252,218,122,108,85,75,130,59
230,188,255,117,125,162,252,222,130,109,82,49,98,64
153,183,255,197,9,169,251,232,144,111,211,53,104,62
108,198,255,226,8,180,253,225,128,118,94,60,92,60
200,192,255,222,7,175,253,224,140,112,129,69,92,59
94,201,255,156,6,159,254,224,128,97,16,69,68,56
73,180,255,46,5,143,254,217,118,94,48,64,74,52
247,196,255,51,4,77,255,219,120,87,4,70,82,54
255,93,255,50,4,90,255,242,103,94,0,88,108,62
255,164,255,93,3,60,255,255,92,105,0,86,129,65
255,255,255,254,2,44,255,255,92,111,1,78,123,66
255,255,255,255,169,137,236,255,211,108,0,108,127,160
255,255,255,246,194,106,146,255,213,104,0,145,120,162
255,255,255,150,189,138,132,255,189,108,0,145,125,163
255,255,255,68,77,126,138,255,202,115,0,89,122,164
255,255,255,62,67,95,146,240,192,105,1,72,113,165
255,255,255,70,91,162,133,232,213,91,1,138,56,165
255,255,255,71,101,163,171,225,213,88,0,99,36,166
255,253,255,58,105,140,189,188,205,104,4,86,37,168
255,183,255,54,103,124,191,91,196,109,45,150,36,168
255,188,255,45,56,169,195,190,156,100,68,137,34,169
255,236,255,47,82,133,190,198,186,103,107,121,34,169
255,220,255,43,90,89,197,237,182,105,119,130,34,169
255,205,255,88,81,120,185,240,179,110,51,148,33,169
255,195,255,225,123,73,199,255,165,109,13,138,34,168
243,186,255,226,111,107,197,255,164,109,89,118,31,169
225,178,255,176,121,160,174,255,170,109,118,123,47,136
226,190,255,63,133,196,199,254,170,113,49,96,162,60
228,196,255,102,149,235,199,237,133,109,24,52,151,58
228,191,255,66,26,206,205,227,129,107,98,51,121,60
148,182,255,109,3,116,179,238,145,110,75,57,89,61
110,191,255,209,10,132,193,227,135,106,53,59,94,62
202,190,255,224,10,140,206,224,143,88,115,61,63,62
94,198,255,205,14,169,205,223,131,82,73,69,65,60
66,203,255,59,13,141,205,215,118,113,0,92,73,53
241,210,255,40,8,51,185,220,121,114,0,100,87,46
255,99,255,44,5,92,173,240,105,86,0,107,84,47
255,159,255,70,2,71,189,255,96,88,0,107,120,47
255,255,255,242,1,49,243,255,88,105,0,92,124,45
255,255,255,255,188,145,236,255,211,107,0,110,124,162
255,255,255,214,192,149,161,255,214,110,0,146,131,164
255,255,255,91,100,134,103,254,176,112,0,154,127,165
255,255,255,59,54,136,193,253,200,108,0,114,122,166
255,255,255,65,78,125,209,239,191,94,0,100,122,166
255,255,255,72,100,137,206,228,215,98,12,134,99,167
255,229,255,67,114,152,213,227,215,97,13,105,42,167
255,166,255,59,118,125,219,191,207,91,3,97,36,168
255,191,255,57,117,127,216,91,198,79,53,138,36,168
255,232,255,60,73,157,217,198,156,78,96,135,35,168
255,217,255,51,80,112,214,180,189,93,145,115,33,169
255,207,255,50,115,121,218,229,185,98,182,141,33,169
255,195,255,59,105,124,213,238,184,101,183,143,33,168
243,184,254,212,148,85,216,254,160,106,143,122,33,168
191,187,253,152,120,104,220,255,156,110,0,116,31,157
219,198,255,60,94,112,163,255,174,109,34,99,53,73
228,202,255,41,110,160,157,254,173,110,87,72,176,56
229,198,255,86,127,167,121,235,135,104,136,52,129,59
220,192,255,80,140,140,108,232,143,97,85,54,90,60
133,183,255,65,57,84,125,236,147,99,143,61,79,61
120,189,255,73,10,83,128,227,132,86,168,45,116,62
210,191,255,164,12,141,190,222,146,65,217,46,69,62
110,196,255,224,14,191,168,217,134,87,118,65,69,63
63,201,255,89,18,96,135,214,117,157,0,91,58,58
239,210,255,42,20,49,121,217,123,166,0,103,59,53
255,105,255,49,19,86,113,238,107,106,0,108,73,50
255,153,255,48,14,69,131,255,97,75,0,102,117,50
255,255,255,217,8,48,189,255,89,96,0,95,138,53
255,255,255,255,178,146,223,255,211,99,0,124,127,162
255,243,255,185,151,151,137,255,214,111,0,145,134,163
255,225,255,80,61,144,119,255,181,112,0,159,129,165
255,221,255,72,71,143,223,252,202,97,0,141,126,166
255,203,255,76,101,181,227,236,192,92,0,122,123,168
255,180,255,67,122,179,200,218,215,103,19,130,108,168
255,172,255,76,134,158,204,225,216,104,108,126,80,169
255,216,255,59,136,118,210,192,208,100,146,113,36,170
255,222,255,48,138,105,236,100,200,79,185,128,35,170
255,210,255,50,70,172,235,208,166,72,181,108,37,169
255,202,255,45,108,152,235,185,191,98,74,116,40,169
255,190,255,44,137,92,235,217,188,103,83,120,32,168
253,191,255,42,111,75,233,234,187,90,192,110,31,169
202,200,252,147,140,100,235,253,165,95,132,107,33,169
160,205,224,68,113,87,235,255,146,108,63,101,31,102
211,205,255,59,67,90,154,254,175,111,125,70,47,53
229,202,255,50,88,180,135,245,179,106,192,57,180,56
230,200,255,83,100,103,117,231,138,96,177,52,144,58
212,192,255,113,148,91,98,238,138,93,160,59,105,61
123,186,255,55,165,92,120,231,155,114,88,48,119,62
119,187,255,66,57,96,132,222,146,109,124,48,90,63
217,194,255,80,16,99,205,221,148,79,181,61,81,65
152,193,255,169,16,146,152,222,136,87,64,63,71,66
70,203,255,121,18,99,121,216,119,143,0,100,74,67
244,212,255,49,22,73,116,216,125,151,1,93,106,69
255,113,255,53,21,91,108,238,106,100,0,93,94,67
255,149,255,42,22,71,140,255,101,79,0,106,85,65
255,255,255,206,21,48,185,255,91,97,0,107,109,64
255,247,255,255,246,144,218,255,211,92,0,118,133,164
255,204,255,156,133,147,141,255,214,109,0,144,131,165
255,199,255,69,64,155,148,255,195,109,0,158,134,170
255,209,255,87,87,163,223,251,206,100,0,151,129,165
255,197,255,82,118,174,220,228,196,89,0,133,114,155
255,205,255,76,136,172,173,233,216,94,0,126,115,152
255,205,255,67,152,172,163,237,217,117,27,139,114,144
255,213,255,59,153,181,197,234,208,124,121,117,69,128
255,205,255,38,162,161,235,219,201,99,208,98,44,128
255,193,255,58,71,152,233,235,163,98,169,92,101,141
255,185,255,54,87,191,233,229,193,132,96,93,121,150
255,200,255,57,98,147,235,219,190,136,104,87,97,152
228,210,252,52,87,130,217,230,189,101,200,107,47,132
214,207,239,70,113,104,180,253,176,88,135,109,29,98
211,179,240,83,89,66,228,251,156,100,25,95,31,73
215,117,255,85,75,127,149,244,180,109,71,69,33,85
223,84,255,76,80,144,138,234,182,102,59,58,165,94
230,163,255,72,80,86,134,232,145,89,87,76,188,69
199,196,255,105,107,101,107,232,141,101,87,85,143,58
112,190,255,53,161,101,149,225,162,137,56,72,128,62
126,190,255,58,118,93,180,231,160,148,114,71,74,63
218,200,255,70,36,46,172,233,149,117,40,83,86,65
194,191,255,96,16,92,135,225,138,87,0,80,78,66
102,205,255,118,17,111,119,217,124,93,0,100,126,68
249,215,255,48,21,78,124,216,126,97,0,96,125,70
255,121,255,58,22,87,116,242,95,88,0,97,127,71
255,144,255,57,20,72,143,255,95,92,0,106,113,71
255,255,255,206,22,53,195,255,89,104,0,109,84,71
255,252,255,255,153,103,226,255,212,90,0,107,141,166
255,209,255,148,68,147,155,255,215,107,17,133,129,162
255,211,255,71,57,157,145,255,172,111,36,154,135,122
255,212,255,89,98,163,228,251,203,103,3,151,123,72
255,207,255,98,123,174,216,230,194,89,35,133,120,60
255,196,255,95,145,183,178,231,217,84,137,115,123,77
255,205,255,84,165,135,172,239,217,96,89,110,121,86
255,187,255,58,172,103,203,196,209,107,52,94,113,100
255,191,255,46,176,119,235,168,203,104,143,84,61,125
255,196,255,53,102,127,234,141,168,121,168,92,125,138
255,203,236,58,24,162,233,219,194,146,170,102,138,123
237,204,233,55,80,111,236,227,192,146,179,96,103,114
223,160,252,52,115,131,218,229,191,114,169,108,84,94
225,92,218,78,142,110,169,255,172,92,58,109,49,50
227,41,223,77,79,80,202,233,152,98,32,108,32,36
225,26,255,96,87,134,138,153,183,106,92,72,25,42
225,53,255,132,127,116,103,227,189,103,155,74,118,63
222,136,255,65,99,101,134,221,162,91,176,91,215,104
181,206,255,109,97,141,184,228,145,101,137,87,130,86
118,199,255,51,123,95,219,224,166,137,174,82,100,61
144,194,255,53,130,87,174,185,162,151,194,95,85,65
219,206,255,100,58,34,154,186,152,130,136,90,62,66
205,192,255,79,31,99,136,221,143,102,0,79,87,67
142,206,255,82,15,149,120,219,133,87,0,105,84,68
254,214,255,53,19,89,121,211,128,90,0,114,84,71
255,129,255,52,25,82,116,242,100,96,0,104,128,73
255,138,255,53,23,77,151,255,96,101,0,99,118,73
255,255,255,198,22,70,200,255,93,109,0,111,126,70
255,255,255,255,188,80,206,255,213,95,0,110,143,168
255,239,255,189,80,148,159,255,215,106,22,131,139,103
255,180,255,97,68,160,142,255,189,110,53,152,125,33
255,187,255,98,99,166,230,254,210,106,15,146,124,51
255,201,255,93,129,174,195,222,197,100,50,133,131,121
255,203,255,94,150,112,175,221,218,88,158,118,117,136
255,207,255,92,171,73,166,240,218,82,171,98,111,147
255,195,255,72,175,86,210,150,210,92,183,93,178,127
255,186,255,69,168,130,233,95,202,102,118,96,185,140
255,205,246,51,116,105,228,104,164,106,112,110,175,186
232,211,223,56,38,99,234,207,197,117,111,120,153,174
221,125,224,57,133,90,216,192,193,119,24,105,109,146
225,33,241,57,135,98,213,230,194,105,17,115,81,137
227,38,230,89,147,98,164,255,172,96,34,106,77,120
224,81,220,80,85,66,169,248,162,99,56,84,44,60
229,147,255,85,95,70,148,143,187,109,133,82,26,42
229,188,255,111,147,102,149,100,192,106,189,74,50,47
228,158,255,47,108,83,193,204,157,98,145,77,198,55
172,143,255,88,113,71,219,228,146,103,133,82,197,115
103,205,255,52,104,100,204,132,170,117,146,85,152,90
159,197,255,54,98,65,156,94,165,112,178,109,142,61
222,208,255,132,63,50,148,119,155,99,106,98,102,64
195,190,255,103,63,83,128,191,145,90,0,87,85,65
162,206,255,65,17,123,122,224,130,94,0,111,52,67
255,214,255,53,19,99,122,210,130,106,0,121,74,70
255,136,251,57,24,94,118,240,102,108,0,99,82,74
255,131,230,56,23,80,179,255,97,106,0,103,88,75
255,255,255,199,22,76,218,255,93,110,0,107,128,73
255,255,255,252,202,84,193,255,214,100,0,106,146,168
255,255,255,206,63,148,152,255,215,106,6,131,143,81
255,249,255,123,72,159,149,255,191,107,17,153,122,33
255,205,255,91,101,168,232,255,213,109,22,142,135,80
255,188,255,93,124,150,192,225,217,106,76,137,126,163
255,219,255,84,149,88,174,134,217,101,38,133,103,176
255,217,255,89,173,136,168,129,218,100,46,112,121,190
255,189,255,64,166,117,199,100,209,99,127,106,171,167
236,195,255,65,177,127,147,81,203,98,158,110,175,159
226,188,238,58,85,91,151,77,165,95,206,120,176,170
216,213,241,56,50,74,217,84,194,96,127,122,155,155
220,139,227,55,63,117,205,156,176,100,63,124,113,148
229,26,234,54,105,114,204,236,185,100,114,157,79,148
221,73,227,86,112,69,172,255,161,99,167,145,63,179
227,157,233,134,89,48,183,255,155,105,130,96,41,122
216,114,255,110,104,83,148,159,188,108,81,95,28,50
206,57,255,90,143,100,166,64,194,107,86,77,25,50
230,29,255,82,111,89,228,164,162,106,72,78,97,47
192,69,255,127,113,66,215,218,164,104,119,95,229,89
104,193,255,47,119,77,192,199,173,93,121,104,191,111
177,200,255,54,112,89,153,91,167,84,136,130,140,56
223,206,255,124,73,51,139,146,157,84,19,109,130,68
173,190,255,110,89,128,126,223,144,91,0,100,134,68
186,208,255,74,28,125,122,214,125,92,0,129,114,67
255,216,255,52,20,88,115,214,132,102,0,125,136,69
255,140,252,53,22,91,124,235,103,110,0,92,102,70
255,126,222,42,18,80,165,255,99,112,0,103,71,71
255,255,255,197,23,56,213,255,95,108,0,107,89,73
255,255,255,254,133,89,184,255,214,104,0,102,145,174
255,255,255,207,62,147,142,255,216,106,0,146,135,112
255,255,255,145,71,157,154,255,177,108,41,147,137,33
255,255,255,89,107,168,232,255,210,108,155,133,132,54
255,233,255,92,122,136,178,244,218,106,181,130,110,144
245,208,255,97,141,102,173,125,217,106,158,122,69,181
206,177,255,96,168,149,170,48,217,110,45,104,142,195
175,203,255,76,158,88,167,43,209,106,18,98,140,177
177,207,255,65,168,47,138,97,203,98,104,103,171,158
220,199,239,63,69,77,185,45,168,97,189,113,177,195
212,192,231,61,101,89,204,68,193,93,97,122,147,196
221,209,233,58,109,109,207,203,172,103,144,134,122,176
223,93,233,57,98,112,198,234,181,110,180,175,94,179
221,32,223,79,127,82,191,255,157,110,225,153,70,176
218,35,236,106,100,73,178,255,165,109,107,111,47,101
178,41,255,118,91,116,151,231,190,108,175,103,26,55
167,95,255,91,116,98,191,100,196,106,208,110,29,64
214,160,255,46,98,93,215,158,161,105,165,97,27,77
222,185,255,55,109,90,179,228,152,99,149,118,115,106
158,195,255,41,150,83,168,242,174,81,186,114,228,69
198,204,255,61,132,105,156,147,170,82,180,138,188,63
221,210,255,114,82,47,146,139,159,111,81,127,132,63
152,189,255,114,118,94,124,137,148,132,0,110,108,65
216,206,255,73,56,120,122,217,132,100,0,133,136,66
255,220,255,56,20,95,100,216,132,87,0,138,143,67
255,143,254,56,15,99,126,228,107,103,0,114,114,68
255,124,225,44,16,82,151,255,97,108,0,99,141,68
255,255,255,200,18,53,216,255,87,107,0,104,75,67
255,255,255,255,198,87,177,255,215,105,0,97,138,174
255,255,255,208,74,147,137,255,216,107,20,148,139,166
255,255,255,144,78,157,157,255,175,108,109,171,144,108
255,255,255,96,106,169,226,255,209,108,136,151,134,83
250,254,255,90,117,157,181,248,218,109,170,118,122,109
208,227,255,86,132,102,170,162,217,109,138,97,84,147
149,211,255,85,156,117,171,61,217,106,17,79,89,155
133,223,255,60,150,67,190,78,209,100,26,79,132,157
197,191,255,59,147,50,126,200,199,97,135,83,157,162
218,205,246,61,68,54,164,63,160,99,118,96,158,189
213,204,221,68,95,72,220,144,193,89,116,105,138,195
210,191,225,55,141,66,209,211,171,87,210,115,134,184
221,205,238,57,121,95,199,228,180,100,213,136,117,176
221,89,227,71,144,70,205,255,157,110,166,122,92,150
187,25,223,98,105,56,176,255,160,111,79,83,51,139
165,108,255,127,70,110,143,255,190,108,48,105,20,117
172,148,255,98,92,144,181,165,196,101,55,85,28,72
214,97,255,78,93,74,204,86,161,103,64,80,30,69
218,43,255,134,121,83,163,212,153,108,123,105,25,59
218,123,255,49,168,115,170,220,176,97,193,100,83,60
215,214,255,105,116,102,178,138,171,99,206,137,197,60
212,212,255,153,92,57,140,78,161,144,78,114,209,59
144,190,255,112,109,137,113,179,151,164,0,101,148,62
247,202,255,71,76,131,111,235,134,123,3,124,132,66
255,222,255,45,26,108,99,218,133,90,0,114,118,68
255,142,254,53,22,97,135,222,105,100,0,103,99,69
255,121,233,50,21,77,150,255,98,111,1,106,128,70
255,255,255,210,25,55,229,255,88,108,1,104,102,71
255,255,255,254,177,87,173,255,216,107,0,119,140,175
255,255,255,215,69,122,144,255,216,107,4,143,143,176
255,255,255,149,76,116,165,255,191,109,11,162,140,179
255,255,255,98,103,126,197,255,212,108,23,156,140,180
232,255,255,93,113,167,169,249,217,106,27,129,129,178
210,255,255,89,122,118,165,178,216,110,63,108,113,176
194,248,255,87,138,85,170,62,216,102,133,102,84,175
135,206,255,66,144,95,224,70,208,90,154,78,108,176
214,205,255,67,135,81,219,131,199,99,116,68,114,178
192,226,255,63,81,61,221,77,162,123,150,70,101,177
221,191,236,67,97,78,235,117,192,118,162,77,134,176
221,203,233,54,140,97,212,204,172,95,143,87,145,174
220,196,250,57,121,85,176,228,179,88,79,107,121,173
193,209,218,88,161,64,190,255,155,100,3,72,92,174
172,127,225,132,109,55,168,255,162,108,60,68,51,173
165,62,255,125,62,114,145,255,192,107,120,94,42,168
182,45,255,99,91,115,185,215,197,98,152,69,24,92
202,64,255,60,108,66,208,97,157,107,158,77,29,46
149,109,255,111,160,98,171,151,149,126,192,94,30,52
208,181,255,42,154,112,169,226,178,126,180,100,25,54
217,209,255,109,96,104,176,214,173,109,128,108,37,55
189,210,255,168,95,45,145,224,162,122,88,97,100,56
171,192,255,118,84,93,116,236,151,137,65,100,166,57
255,198,255,75,62,132,126,230,131,114,14,116,186,61
255,222,255,47,23,130,168,220,136,94,0,107,187,65
255,137,255,50,29,107,151,219,105,103,0,90,186,70
255,124,255,60,28,80,179,255,98,113,0,83,183,73
255,255,255,223,30,56,240,255,91,112,0,92,179,72
255,255,255,254,182,132,169,255,217,108,0,130,143,177
255,255,255,223,98,94,138,255,218,108,18,145,143,178
255,255,255,136,67,84,168,255,182,107,58,150,139,179
255,255,255,84,96,94,239,255,212,110,5,122,140,181
228,255,255,65,109,132,188,247,217,107,23,111,137,181
217,255,255,62,113,176,163,192,215,108,134,128,118,180
204,255,255,72,122,133,181,79,216,99,182,130,116,180
143,245,255,57,129,117,220,49,207,87,138,114,76,180
174,217,255,52,120,98,237,105,201,106,173,82,49,179
206,185,255,55,59,77,235,81,165,150,118,77,18,180
215,195,255,60,96,70,233,121,190,159,48,71,52,179
222,214,255,51,108,76,237,212,169,129,70,75,106,177
206,202,252,49,99,76,191,235,177,96,46,93,77,177
170,193,235,88,160,77,183,255,155,93,21,83,49,176
169,218,227,128,123,68,162,255,161,105,66,100,39,173
164,209,255,125,95,152,135,255,192,105,102,68,33,171
197,200,255,117,118,112,175,252,197,96,140,54,24,160
171,211,255,67,135,57,178,110,168,103,112,71,26,69
112,219,255,119,145,48,187,121,150,121,82,79,29,44
196,217,255,42,119,94,173,224,178,125,61,84,30,51
218,208,255,75,90,102,176,232,174,107,121,98,30,51
154,213,255,112,85,80,182,234,163,98,124,73,24,51
223,193,255,108,74,113,175,234,152,98,156,79,26,53
255,198,255,71,36,109,199,232,134,91,7,110,41,59
255,220,255,42,12,117,180,218,138,97,0,100,56,66
255,127,255,45,15,99,152,218,107,100,0,82,63,70
255,128,255,62,18,68,178,255,93,108,0,75,59,70
255,255,255,231,18,37,244,255,92,110,0,85,44,69
255,255,255,252,174,134,168,255,218,107,0,126,134,179
255,255,255,215,160,115,143,255,219,109,27,145,140,180
255,255,255,132,94,117,172,255,177,109,62,137,138,181
255,255,255,82,86,137,236,255,212,107,12,91,140,183
230,255,255,79,104,160,171,243,217,107,0,101,131,183
219,255,255,69,108,176,147,199,215,105,31,125,116,183
193,255,255,70,111,195,165,84,215,99,19,114,120,183
114,255,255,71,118,184,225,47,207,89,55,118,104,182
148,246,255,66,122,92,234,88,197,101,184,118,76,182
216,226,255,59,48,63,233,69,166,138,187,92,52,181
184,220,255,56,41,70,233,136,189,154,187,96,51,180
217,204,255,64,57,74,235,216,169,135,188,79,81,180
174,208,255,47,112,95,203,237,175,102,184,93,65,179
169,205,254,83,139,62,198,255,157,93,107,112,51,177
167,193,228,88,131,92,170,255,161,104,21,91,28,171
168,210,255,128,128,137,160,255,191,108,124,54,23,167
206,216,255,170,132,146,203,255,197,103,116,45,25,167
133,215,255,56,141,127,154,191,167,102,161,55,25,134
145,216,255,108,117,110,140,64,163,105,161,60,28,54
216,217,255,34,92,99,152,184,179,108,167,67,30,47
199,208,255,75,84,101,185,236,174,107,186,78,30,51
158,210,255,95,65,89,187,233,164,97,196,73,30,56
254,188,255,80,37,143,181,233,152,92,141,73,31,60
255,195,255,61,19,151,183,229,133,91,24,99,30,61
255,219,255,42,15,89,151,215,139,104,34,88,29,62
255,116,255,50,16,73,172,224,108,107,48,79,28,61
255,136,255,71,20,81,156,255,97,99,4,82,27,57
255,255,255,240,20,44,247,255,95,103,0,69,47,52
255,255,255,248,191,132,180,255,219,109,0,124,133,180
255,255,255,219,178,134,126,255,219,107,4,139,137,182
255,255,255,137,98,140,173,255,180,109,7,125,140,183
255,255,255,80,76,147,235,255,214,109,3,66,133,184
253,255,255,78,79,148,198,243,217,111,0,93,125,185
216,255,255,83,104,114,164,180,215,109,3,119,127,186
150,255,255,74,108,161,185,70,215,103,51,74,109,185
163,255,255,66,110,177,229,41,206,97,84,127,107,184
184,255,255,53,116,122,233,85,198,95,100,146,102,183
169,253,255,54,87,115,233,63,161,106,91,109,97,182
136,229,255,59,58,79,233,133,191,115,111,125,95,181
158,210,255,57,104,91,233,216,175,109,79,112,80,181
166,222,255,66,123,87,230,239,180,97,71,80,72,179
170,201,255,92,124,67,219,255,155,97,49,80,58,173
166,205,252,67,121,116,190,255,163,105,84,74,28,171
175,198,255,114,125,212,183,255,193,106,124,54,25,169
193,204,255,91,126,138,146,255,199,108,213,39,26,165
118,208,255,63,118,129,133,242,171,103,94,43,26,163
190,207,255,121,74,94,115,89,157,105,163,48,27,125
218,202,255,74,56,103,134,113,180,104,142,53,28,66
157,190,255,91,42,134,188,232,175,107,34,58,30,54
210,203,255,81,28,155,198,235,164,102,157,59,29,56
255,187,255,95,17,108,190,233,153,89,102,72,31,54
255,193,255,88,17,120,185,228,134,88,120,95,31,50
255,215,255,36,16,89,134,209,140,131,206,80,29,50
255,97,255,40,15,77,158,228,109,131,77,70,35,51
255,147,255,88,17,106,166,255,100,91,0,71,62,50
255,255,255,253,19,87,253,255,93,93,0,75,78,51
255,255,255,249,219,131,235,255,220,108,0,116,136,181
255,255,255,224,240,133,117,255,219,111,0,123,132,182
255,255,255,161,120,138,185,255,176,113,0,107,133,184
255,255,255,77,73,142,241,255,215,110,0,53,127,185
255,255,255,68,74,132,237,245,217,112,0,104,129,185
227,255,255,88,83,102,229,190,215,119,70,117,124,185
172,255,255,83,91,111,235,64,215,115,201,51,108,186
206,255,255,72,84,115,235,30,206,105,163,138,100,187
212,255,255,55,72,176,234,33,197,99,137,150,102,185
150,255,255,48,106,170,234,38,161,98,161,120,98,184
122,255,255,51,97,79,234,135,189,97,154,122,96,183
105,235,255,48,106,78,235,219,173,94,111,150,85,183
142,201,255,96,107,91,232,245,178,98,158,116,68,179
168,212,255,174,108,52,233,255,159,103,169,101,73,175
166,219,255,56,111,76,216,255,159,106,69,89,55,174
185,206,255,79,116,158,166,255,191,109,148,63,27,172
177,205,255,60,116,118,176,255,196,110,180,50,26,169
139,214,255,80,113,86,174,255,160,107,53,40,26,164
199,212,255,105,80,125,153,189,154,108,112,36,26,162
192,209,255,75,12,122,159,176,178,106,90,36,27,146
151,206,255,77,10,138,187,235,174,110,57,41,29,105
252,211,255,82,14,135,211,237,164,106,77,46,30,67
255,183,255,163,14,169,197,234,153,86,118,83,31,53
255,194,255,97,15,165,206,227,137,89,184,96,29,49
255,209,255,47,16,129,189,198,140,134,137,75,42,48
255,73,255,45,18,91,184,235,109,126,9,64,66,54
255,163,255,133,16,82,197,255,101,80,0,70,78,59
255,255,255,255,17,63,255,255,94,75,0,67,73,60
255,255,255,255,221,132,255,255,220,111,0,101,135,180
255,255,255,231,210,135,221,255,220,114,0,111,126,181
255,255,255,207,203,138,211,255,195,105,0,92,122,182
255,255,255,126,96,145,237,255,217,102,0,47,132,184
255,255,255,63,83,158,253,246,217,98,14,102,122,185
250,255,255,79,98,138,253,213,215,102,103,121,115,185
183,255,255,76,102,151,253,173,215,114,165,43,109,186
211,255,255,72,74,90,253,169,205,114,116,119,94,187
215,255,255,68,51,51,253,178,198,109,89,124,101,186
193,255,255,55,85,67,253,182,165,106,206,115,100,186
101,255,255,46,80,79,253,199,191,105,172,123,92,186
117,254,255,49,103,88,253,215,174,102,155,138,82,186
113,234,255,130,113,98,254,252,182,109,89,141,81,182
136,214,255,246,110,85,254,255,157,113,68,125,81,178
165,206,255,137,111,80,251,255,159,114,55,114,79,176
194,206,255,59,111,75,253,255,190,109,66,80,45,174
196,205,255,43,111,99,254,255,194,107,87,44,25,172
196,216,255,89,119,109,254,254,168,108,164,35,26,167
116,215,255,82,174,169,255,255,163,108,133,42,26,162
128,211,255,69,44,139,255,237,177,109,154,49,26,159
195,204,255,78,9,103,254,229,173,111,194,53,28,155
255,206,255,168,7,122,255,231,163,105,139,79,29,141
255,178,255,212,13,167,255,226,154,81,163,94,31,128
255,200,255,61,17,167,255,217,135,76,115,83,56,110
255,197,255,47,17,136,255,194,140,131,30,78,80,88
255,54,255,46,18,103,255,244,108,151,0,74,71,76
255,177,255,174,16,74,255,255,98,97,0,83,70,57
255,255,255,255,16,51,255,255,96,72,0,77,88,57
255,255,255,255,255,130,228,255,221,107,0,88,125,178
255,255,255,247,220,132,189,255,219,105,0,100,118,180
255,255,255,231,237,135,226,255,179,93,0,75,124,181
255,255,255,191,221,145,195,255,216,91,0,44,127,183
255,255,255,119,132,158,242,252,217,95,0,93,120,184
255,255,255,64,106,152,255,220,214,86,78,112,114,185
213,255,255,55,108,135,255,228,214,89,203,49,105,185
160,255,255,57,84,122,255,230,204,105,187,112,98,186
220,255,255,62,68,61,255,230,195,110,143,117,95,186
211,255,255,57,60,139,255,226,162,109,137,115,95,186
150,255,255,56,115,180,255,212,187,110,162,120,90,186
131,255,255,49,112,86,255,228,165,112,9,137,95,186
152,255,255,181,135,92,255,255,173,112,15,145,90,186
115,232,255,241,129,68,255,255,159,109,75,127,88,183
127,201,255,236,124,101,255,255,167,117,25,119,86,178
171,215,255,178,108,209,255,255,189,119,2,104,75,174
198,211,255,67,108,190,255,255,194,113,59,63,37,173
171,211,255,86,162,193,255,254,161,111,177,43,25,169
63,208,255,64,238,162,255,255,156,109,110,39,26,164
136,197,255,104,65,91,255,238,175,106,163,45,26,159
239,196,255,210,21,109,255,231,172,111,55,63,25,154
255,199,255,230,15,89,255,231,162,105,40,95,36,150
255,178,255,169,6,72,255,221,153,80,53,82,70,149
255,208,255,48,7,141,255,210,136,78,4,63,82,146
255,172,255,53,11,138,255,197,139,141,0,73,73,144
255,53,255,53,15,102,255,254,113,169,2,82,83,141
255,194,255,210,16,75,255,255,103,118,0,85,79,115
255,255,255,255,16,52,255,255,102,81,0,78,77,53
255,255,255,255,252,130,207,255,222,106,0,75,114,175
255,255,255,255,229,114,153,255,218,91,0,81,124,177
255,255,255,235,227,108,147,255,180,82,0,72,120,179
255,255,255,225,255,131,206,255,217,119,0,37,123,180
255,255,255,209,249,152,215,255,216,150,0,72,121,181
255,255,255,141,205,175,255,229,214,120,5,106,114,182
196,255,255,68,166,178,255,219,214,83,66,60,107,183
35,255,255,60,164,166,255,223,203,90,73,104,105,183
132,255,255,67,151,126,255,223,195,107,37,113,91,183
210,255,255,59,106,188,255,216,157,111,40,110,93,184
203,255,255,59,123,128,255,210,183,109,166,115,103,185
137,255,255,74,126,76,255,247,170,103,140,135,101,184
139,255,255,216,139,91,255,255,173,99,156,145,96,184
154,255,255,226,119,73,255,255,161,96,208,127,91,183
129,221,255,221,106,99,255,255,168,91,193,111,89,181
148,209,255,203,121,227,255,255,187,103,144,111,85,178
197,214,255,141,185,171,255,255,193,116,78,80,65,176
135,214,255,103,235,167,255,255,155,112,140,49,32,175
110,210,255,134,243,99,255,255,147,108,93,38,24,171
161,195,255,195,81,57,255,241,173,110,167,42,26,167
255,196,255,220,17,76,255,226,171,110,154,53,46,162
255,188,255,223,25,76,255,220,162,105,164,55,73,158
255,189,255,106,16,97,255,213,152,92,186,54,75,156
255,213,255,46,5,133,255,199,129,85,26,59,78,152
255,130,255,54,2,114,255,211,140,107,0,71,87,148
255,68,255,73,4,98,255,255,106,117,3,78,88,145
255,211,255,241,8,69,255,255,101,90,0,65,88,137
255,255,255,255,11,50,255,255,96,86,0,54,76,50
255,255,255,255,254,129,208,255,222,104,0,61,119,171
255,255,255,255,214,113,166,255,217,90,0,65,120,173
255,255,255,255,235,75,158,255,172,81,0,67,121,175
255,255,255,255,252,88,213,255,217,126,1,36,118,176
255,255,255,255,252,102,208,255,216,166,0,45,124,178
255,255,255,249,255,121,255,248,214,147,1,87,117,179
229,255,255,193,255,154,255,217,214,97,0,70,110,180
44,255,255,97,255,160,255,214,202,88,0,90,100,182
21,255,255,63,255,111,255,214,191,104,0,109,100,183
146,255,255,55,205,122,255,207,165,112,0,107,100,182
212,255,255,48,173,70,255,234,182,103,0,104,107,180
197,255,255,149,181,53,255,255,169,92,84,123,106,181
150,255,255,225,162,76,255,255,171,99,107,131,104,180
160,255,255,197,149,79,255,255,166,117,93,126,95,180
178,238,255,184,170,92,255,255,181,94,205,115,90,179
208,205,255,171,215,230,255,255,187,78,195,108,87,178
173,214,255,191,239,174,255,255,192,98,57,96,80,176
149,216,255,189,236,172,255,255,154,111,0,67,62,175
130,210,255,184,245,127,255,255,160,111,0,54,51,172
210,194,255,193,113,132,255,250,172,106,34,48,63,170
255,204,255,195,6,97,255,221,170,108,101,45,74,167
255,182,255,169,22,116,255,203,161,107,138,44,66,164
255,198,255,58,19,136,255,196,151,104,123,42,76,162
255,204,255,58,9,96,255,189,130,97,0,57,88,158
255,87,255,49,3,108,255,239,138,92,0,63,88,155
255,108,255,133,2,90,255,255,110,93,0,54,88,152
255,231,255,255,2,83,255,255,106,90,0,42,87,145
255,255,255,255,3,45,255,255,93,98,0,29,88,57
255,255,255,255,201,127,211,255,222,108,0,48,117,155
255,255,255,255,225,117,244,255,218,100,0,55,117,157
255,255,255,255,249,69,192,255,176,88,0,51,120,159
255,255,255,255,250,156,222,255,217,98,0,49,117,158
255,255,255,255,250,98,210,255,215,114,0,33,120,159
255,255,255,255,251,55,255,255,213,110,1,65,120,160
252,255,255,255,251,63,255,248,213,93,2,89,103,160
177,255,255,246,252,58,255,234,201,92,3,89,102,161
159,255,255,203,252,103,255,232,190,104,0,93,113,162
187,255,255,148,255,100,255,244,163,108,0,96,108,160
206,255,255,161,254,111,255,255,183,93,0,95,108,158
198,255,255,229,241,80,255,255,167,83,2,103,113,158
207,255,255,221,235,76,255,255,170,118,5,112,107,157
159,255,255,215,234,92,255,255,169,168,66,111,98,155
160,250,255,211,237,158,255,255,180,147,172,109,92,154
205,208,255,211,235,246,255,255,185,90,130,106,89,152
145,213,255,215,233,234,255,255,189,85,18,105,83,151
155,214,255,216,233,232,255,255,154,105,0,94,78,149
146,205,255,212,243,226,255,255,149,112,0,92,74,145
250,197,255,217,152,221,255,255,169,111,0,88,73,142
255,198,255,215,5,174,255,250,169,110,31,64,68,139
255,179,255,149,10,160,255,234,160,108,27,56,77,135
255,202,255,116,20,188,255,226,151,109,7,50,82,132
255,155,255,105,14,130,255,234,129,108,0,47,84,129
255,114,255,121,7,110,255,255,137,107,0,50,85,125
255,181,255,228,3,91,255,255,115,105,0,40,85,123
255,252,255,255,4,80,255,255,107,103,1,29,88,120
255,255,255,255,3,52,255,255,88,108,0,22,87,56
255,255,255,255,216,125,216,255,222,107,0,28,114,72
255,255,255,255,206,117,215,255,217,104,0,31,116,70
255,255,255,255,251,70,184,255,191,100,0,37,120,66
255,255,255,255,250,69,200,255,217,95,0,35,120,62
255,255,255,255,250,82,230,255,214,93,0,30,112,61
255,255,255,255,250,123,255,255,211,93,1,32,110,61
255,255,255,255,250,112,255,255,211,96,0,61,110,61
255,255,255,255,251,110,255,255,198,100,1,91,115,61
255,255,255,255,251,157,255,255,189,108,0,80,115,61
252,255,255,255,251,105,255,255,151,107,1,89,116,61
242,255,255,255,251,138,255,255,179,95,0,92,108,62
235,255,255,255,239,154,255,255,172,82,0,84,111,61
226,255,255,255,234,133,255,255,165,109,2,91,107,61
200,255,255,255,233,186,255,255,171,148,10,98,100,61
219,255,255,255,232,234,255,255,179,135,30,97,94,60
180,235,255,255,232,244,255,255,183,92,16,96,90,60
140,207,255,255,232,242,255,255,185,87,0,94,87,60
166,200,255,255,235,238,255,255,155,103,0,98,81,59
213,198,255,255,233,234,255,255,145,108,0,93,62,59
255,206,255,255,175,225,255,255,168,110,0,85,68,58
255,181,255,255,14,217,255,255,167,110,0,75,79,57
255,172,255,255,4,205,255,255,158,109,0,74,77,56
255,176,255,253,8,188,255,255,150,108,0,63,78,55
255,120,255,245,15,160,255,255,130,109,0,46,79,54
255,219,255,236,8,116,255,255,136,112,0,38,81,54
255,245,255,255,3,100,255,255,107,110,0,33,85,54
255,255,255,255,5,72,255,255,104,109,0,31,86,52
255,255,255,255,5,44,255,255,89,110,0,21,85,36
255,255,233,255,247,124,250,255,222,105,1,13,108,70
255,255,255,255,203,120,207,255,214,105,0,14,114,70
255,255,255,255,246,85,200,255,184,104,0,17,117,63
255,255,255,255,249,72,220,255,216,103,0,18,119,59
255,255,255,255,250,104,254,255,213,102,0,19,105,59
255,255,255,255,250,166,255,255,210,103,0,33,110,60
255,255,255,255,251,183,255,255,209,105,0,35,118,62
255,255,255,255,251,197,255,255,196,106,0,40,115,62
255,255,255,255,251,211,255,255,186,109,0,55,115,63
255,255,255,255,251,149,255,255,154,111,0,71,115,66
255,255,255,255,251,120,255,255,173,108,0,82,113,68
255,255,255,255,242,243,255,255,163,99,0,80,104,71
255,255,255,255,235,241,255,255,164,96,0,66,111,73
255,255,255,255,233,242,255,255,169,103,0,73,104,74
255,255,255,255,232,239,255,255,176,100,0,80,96,76
244,255,255,255,232,238,255,255,181,91,0,77,92,76
239,248,255,255,232,237,255,255,181,97,0,72,82,74
250,240,255,255,185,234,255,255,144,106,3,75,72,73
255,229,255,255,134,231,255,255,146,107,1,77,75,73
255,226,255,255,109,223,255,255,167,106,0,67,69,74
255,221,255,255,21,212,255,255,165,108,0,64,74,74
255,220,255,255,5,200,255,255,156,106,0,65,76,76
255,202,255,255,3,186,255,255,149,108,0,52,76,80
255,228,255,255,5,165,255,255,133,106,0,43,75,86
255,255,255,255,4,140,255,255,134,107,0,34,77,93
255,255,255,255,4,111,255,255,108,107,0,29,81,96
255,255,255,255,3,83,255,255,103,108,0,23,81,92
255,255,234,255,5,56,255,255,84,107,0,16,81,86
